CREATE TABLE Club(
    CIF CHAR(9) PRIMARY KEY,
    Nombre VARCHAR(40) NOT NULL UNIQUE,
    Sede VARCHAR(30) NOT NULL,
    Num_Socios INTEGER NOT NULL,
    CONSTRAINT NumSociosPositivos CHECK (Num_Socios >= 0)
);

CREATE TABLE Patrocinador(
    CIF CHAR(9) PRIMARY KEY,
    NomPat VARCHAR(20) NOT NULL,
    Rama VARCHAR(20) NOT NULL,
    Eslogan VARCHAR(30) NOT NULL,
);

CREATE TABLE Jugador(
    NIF CHAR(9) PRIMARY KEY,
    Altura DECIMAL(3,2) NOT NULL CHECK (Altura > 0),
    CIF CHAR(9) NOT NULL REFERENCES Club(CIF)
);

CREATE TABLE Financia(
    CIF_P CHAR(9) NOT NULL REFERENCES Patrocinador(CIF),
    CIF_C CHAR(9) NOT NULL REFERENCES Club(CIF),
    Cantidad DECIMAL(10,2) NOT NULL CHECK (Cantidad > 0),
    CONSTRAINT PKFinancia PRIMARY KEY (CIF_P, CIF_C)
);

INSERT INTO Club VALUES ('A12345678', 'Real Madrid CF', 'Madrid', 85000);
INSERT INTO Club VALUES ('B98765432', 'FC Barcelona', 'Barcelona', 77000);
INSERT INTO Club VALUES ('C55555555', 'Atlético de Madrid', 'Madrid', 45000);

INSERT INTO Patrocinador VALUES ('P11111111', 'Nike', 'Deportes', 'Just Do It');
INSERT INTO Patrocinador VALUES ('P22222222', 'Emirates', 'Aerolíneas', 'Hello Tomorrow');
INSERT INTO Patrocinador VALUES ('P33333333', 'Spotify', 'Música', 'Music for Everyone');

INSERT INTO Jugador VALUES ('12345678A', 1.89, 'A12345678');
INSERT INTO Jugador VALUES ('23456789B', 1.75, 'A12345678');
INSERT INTO Jugador VALUES ('34567891C', 1.85, 'B98765432');
INSERT INTO Jugador VALUES ('45678912D', 1.82, 'C55555555');

INSERT INTO Financia VALUES ('P11111111', 'A12345678', 5000000.00);
INSERT INTO Financia VALUES ('P22222222', 'A12345678', 3000000.00);
INSERT INTO Financia VALUES ('P33333333', 'B98765432', 4500000.00);
INSERT INTO Financia VALUES ('P11111111', 'C55555555', 2000000.00);